{
  "name": "QtlyStatus",
  "base": "PersistedModel",
  "options": {
    "idInjection": true,
    "mssql": {
      "table": "qtly_status"
    }
  },
  "properties": {
    "created_on": {
      "type": "date"
    },
    "qtr": {
      "type": "number"
    },
    "yr": {
      "type": "number"
    },
    "required_count": {
      "type": "number"
    },
    "completed_count": {
      "type": "number"
    },
    "requirement_met": {
      "type": "boolean"
    },
    "met_requirement": {
      "type": "date"
    },
    "employee_id": {
      "type": "number"
    }
  },
  "validations": [],
  "relations": {},
  "acls": [],
  "methods": {}
}
